{"cameraMode":{"drawMode":0,"name":"Shaded","section":"Shading Mode"},"sceneLighting":true,"audioPlay":false,"sceneViewState":{"showFog":true,"showMaterialUpdate":false,"showSkybox":true,"showFlares":true,"showImageEffects":true,"showParticleSystems":true},"in2DMode":false,"pivot":{"x":-0.34655189514160159,"y":2.0012872219085695,"z":11.314888000488282},"rotation":{"x":-0.03409051522612572,"y":0.34359487891197207,"z":-0.012481337413191796,"w":-0.9384160041809082},"size":44.97519302368164,"orthographic":false}