{"cameraMode":{"drawMode":0,"name":"Shaded","section":"Shading Mode"},"sceneLighting":true,"audioPlay":false,"sceneViewState":{"showFog":true,"showMaterialUpdate":false,"showSkybox":true,"showFlares":true,"showImageEffects":true,"showParticleSystems":true},"in2DMode":false,"pivot":{"x":-3.6638526916503908,"y":0.23807144165039063,"z":17.85297393798828},"rotation":{"x":-0.051898032426834109,"y":0.8233291506767273,"z":-0.0763009786605835,"w":-0.5600124597549439},"size":22.9932804107666,"orthographic":false}