{"cameraMode":{"drawMode":0,"name":"Shaded","section":"Shading Mode"},"sceneLighting":false,"audioPlay":false,"sceneViewState":{"showFog":true,"showMaterialUpdate":false,"showSkybox":true,"showFlares":true,"showImageEffects":true,"showParticleSystems":true},"in2DMode":false,"pivot":{"x":7.081692695617676,"y":2.140000104904175,"z":8.670000076293946},"rotation":{"x":0.041045162826776507,"y":-0.6333296298980713,"z":0.033669330179691318,"w":0.7720591425895691},"size":21.866621017456056,"orthographic":false}