{"cameraMode":{"drawMode":0,"name":"Shaded","section":"Shading Mode"},"sceneLighting":false,"audioPlay":false,"sceneViewState":{"showFog":true,"showMaterialUpdate":false,"showSkybox":true,"showFlares":true,"showImageEffects":true,"showParticleSystems":true},"in2DMode":false,"pivot":{"x":-5.758437156677246,"y":-10.95059585571289,"z":15.152410507202149},"rotation":{"x":0.2655889689922333,"y":-0.044813964515924457,"z":0.01235946174710989,"w":0.9629649519920349},"size":113.29318237304688,"orthographic":false}